<?xml version="1.0" encoding="UTF-8"?>
<project-private xmlns="http://www.netbeans.org/ns/project-private/1">
    <editor-bookmarks xmlns="http://www.netbeans.org/ns/editor-bookmarks/2" lastBookmarkId="0"/>
    <open-files xmlns="http://www.netbeans.org/ns/projectui-open-files/2">
        <group>
            <file>file:/C:/Users/Renan%20Siman/Desktop/Renan%20Files/Jogo%20Da%20Velha%201.0/src/jogodavelha/TabuleiroJogoDaVelha.java</file>
            <file>file:/C:/Users/Renan%20Siman/Desktop/Renan%20Files/Jogo%20Da%20Velha%201.0/src/jogodavelha/ui/JogoDaVelhaUI.java</file>
            <file>file:/C:/Users/Renan%20Siman/Desktop/Renan%20Files/Jogo%20Da%20Velha%201.0/src/jogodavelha/ui/PrincipalUI.java</file>
            <file>file:/C:/Users/Renan%20Siman/Desktop/Renan%20Files/Jogo%20Da%20Velha%201.0/src/jogodavelha/Jogador.java</file>
            <file>file:/C:/Users/Renan%20Siman/Desktop/Renan%20Files/Jogo%20Da%20Velha%201.0/src/jogodavelha/Posicao.java</file>
        </group>
    </open-files>
</project-private>
